
COMMIT;
REM EMPTY ALL DATA ***OBVIOUS WARNING***

-- Run to Delete the data in existing tables

DELETE FROM P_SERVICE_CERTIFICATIONS;                  
DELETE FROM P_SERVICE_DOGS;
DELETE FROM P_PET;  
DELETE FROM P_OWNER_DOG_INT;
DELETE FROM P_OWNER;
DELETE FROM P_INCIDENT;  
DELETE FROM P_DOG_BREED_PERCENTAGE; 
DELETE FROM P_DOGBREED;
DELETE FROM P_PHOTO;                        
DELETE FROM P_DOG;                  

         
   
--Run to insert data into table "DOG"
REM INSERTING into P_DOG
Insert into P_DOG (DOG_ID,DOG_NAME,DOG_BIRTH_MONTH,DOG_BIRTH_YEAR,SEX,SPAYED_OR_NEUTERED) values ('10001','Loki',3,2013,'M','Y');
Insert into P_DOG (DOG_ID,DOG_NAME,DOG_BIRTH_MONTH,DOG_BIRTH_YEAR,SEX,SPAYED_OR_NEUTERED) values ('10002','Lucky',5,2013,'M','Y');
Insert into P_DOG (DOG_ID,DOG_NAME,DOG_BIRTH_MONTH,DOG_BIRTH_YEAR,SEX,SPAYED_OR_NEUTERED) values ('10003','Lucy',null,2001,'F','Y');
Insert into P_DOG (DOG_ID,DOG_NAME,DOG_BIRTH_MONTH,DOG_BIRTH_YEAR,SEX,SPAYED_OR_NEUTERED) values ('10004','Sandy',null,2005,'F','N');
Insert into P_DOG (DOG_ID,DOG_NAME,DOG_BIRTH_MONTH,DOG_BIRTH_YEAR,SEX,SPAYED_OR_NEUTERED) values ('10005','Tiger',8,2008,'M','N');
Insert into P_DOG (DOG_ID,DOG_NAME,DOG_BIRTH_MONTH,DOG_BIRTH_YEAR,SEX,SPAYED_OR_NEUTERED) values ('10006','Pugli',1,1999,'M','Y');
Insert into P_DOG (DOG_ID,DOG_NAME,DOG_BIRTH_MONTH,DOG_BIRTH_YEAR,SEX,SPAYED_OR_NEUTERED) values ('10007','Sammy',null,2004,'M','N');
Insert into P_DOG (DOG_ID,DOG_NAME,DOG_BIRTH_MONTH,DOG_BIRTH_YEAR,SEX,SPAYED_OR_NEUTERED) values ('10008','Rex',null,2006,'M','Y');
Insert into P_DOG (DOG_ID,DOG_NAME,DOG_BIRTH_MONTH,DOG_BIRTH_YEAR,SEX,SPAYED_OR_NEUTERED) values ('10009','Flower',3,2008,'F','N');
Insert into P_DOG (DOG_ID,DOG_NAME,DOG_BIRTH_MONTH,DOG_BIRTH_YEAR,SEX,SPAYED_OR_NEUTERED) values ('10010','Princess',2,2012,'F','Y');
Insert into P_DOG (DOG_ID,DOG_NAME,DOG_BIRTH_MONTH,DOG_BIRTH_YEAR,SEX,SPAYED_OR_NEUTERED) values ('10011','Pogo',null,1998,'M','N');
Insert into P_DOG (DOG_ID,DOG_NAME,DOG_BIRTH_MONTH,DOG_BIRTH_YEAR,SEX,SPAYED_OR_NEUTERED) values ('10012','Pepper',null,2005,'F','Y');
Insert into P_DOG (DOG_ID,DOG_NAME,DOG_BIRTH_MONTH,DOG_BIRTH_YEAR,SEX,SPAYED_OR_NEUTERED) values ('10013','Snoopy',null,2007,'M','N');
Insert into P_DOG (DOG_ID,DOG_NAME,DOG_BIRTH_MONTH,DOG_BIRTH_YEAR,SEX,SPAYED_OR_NEUTERED) values ('10014','Hashtag',4,2014,'M','N');
Insert into P_DOG (DOG_ID,DOG_NAME,DOG_BIRTH_MONTH,DOG_BIRTH_YEAR,SEX,SPAYED_OR_NEUTERED) values ('10015','Twitter',2,2014,'F','N');
Insert into P_DOG (DOG_ID,DOG_NAME,DOG_BIRTH_MONTH,DOG_BIRTH_YEAR,SEX,SPAYED_OR_NEUTERED) values ('10016','Fluffy',null,2011,'F','Y');





--Run to insert data into table "DOGBREED"
REM INSERTING into P_DOGBREED
Insert into P_DOGBREED (BREED_ID,BREED_COMMON_NAME) values ('20001','AFGHAN HOUND');
Insert into P_DOGBREED (BREED_ID,BREED_COMMON_NAME) values ('20002','AIREDALE TERRIER');
Insert into P_DOGBREED (BREED_ID,BREED_COMMON_NAME) values ('20003','AKBASH DOG');
Insert into P_DOGBREED (BREED_ID,BREED_COMMON_NAME) values ('20004','AKITA');
Insert into P_DOGBREED (BREED_ID,BREED_COMMON_NAME) values ('20005','ALAPAHA BLUE BLOOD BULLDOG');
Insert into P_DOGBREED (BREED_ID,BREED_COMMON_NAME) values ('20006','ALASKAN MALAMUTE');
Insert into P_DOGBREED (BREED_ID,BREED_COMMON_NAME) values ('20007','AMERICAN BULLDOG');
Insert into P_DOGBREED (BREED_ID,BREED_COMMON_NAME) values ('20008','AMERICAN ESKIMO');
Insert into P_DOGBREED (BREED_ID,BREED_COMMON_NAME) values ('20009','AMERICAN FOXHOUND');
Insert into P_DOGBREED (BREED_ID,BREED_COMMON_NAME) values ('20010','AMERICAN PIT BULL TERRIER');
Insert into P_DOGBREED (BREED_ID,BREED_COMMON_NAME) values ('20011','AMERICAN STAFFORDSHIRE TERRIER');
Insert into P_DOGBREED (BREED_ID,BREED_COMMON_NAME) values ('20012','AMERICAN TUNNEL TERRIER');
Insert into P_DOGBREED (BREED_ID,BREED_COMMON_NAME) values ('20013','AMERICAN WATER SPANIEL');
Insert into P_DOGBREED (BREED_ID,BREED_COMMON_NAME) values ('20014','ANATOLIAN SHEPHERD DOG');
Insert into P_DOGBREED (BREED_ID,BREED_COMMON_NAME) values ('20015','AUSTRALIAN CATTLE DOG');
Insert into P_DOGBREED (BREED_ID,BREED_COMMON_NAME) values ('20016','AUSTRALIAN KELPIE');
Insert into P_DOGBREED (BREED_ID,BREED_COMMON_NAME) values ('20017','AUSTRALIAN SHEPHERD');
Insert into P_DOGBREED (BREED_ID,BREED_COMMON_NAME) values ('20018','AUSTRALIAN TERRIER');
Insert into P_DOGBREED (BREED_ID,BREED_COMMON_NAME) values ('20019','AZAWAKH');
Insert into P_DOGBREED (BREED_ID,BREED_COMMON_NAME) values ('20020','BASENJI');
Insert into P_DOGBREED (BREED_ID,BREED_COMMON_NAME) values ('20021','BASSET HOUND');
Insert into P_DOGBREED (BREED_ID,BREED_COMMON_NAME) values ('20022','BEAGLE');
Insert into P_DOGBREED (BREED_ID,BREED_COMMON_NAME) values ('20023','BEARDED COLLIE');
Insert into P_DOGBREED (BREED_ID,BREED_COMMON_NAME) values ('20024','BEAUCERON');
Insert into P_DOGBREED (BREED_ID,BREED_COMMON_NAME) values ('20025','BEDLINGTON TERRIER');
Insert into P_DOGBREED (BREED_ID,BREED_COMMON_NAME) values ('20026','BELGIAN LAEKENOIS');
Insert into P_DOGBREED (BREED_ID,BREED_COMMON_NAME) values ('20027','BELGIAN MALINOIS');
Insert into P_DOGBREED (BREED_ID,BREED_COMMON_NAME) values ('20028','BELGIAN SHEEPDOG');
Insert into P_DOGBREED (BREED_ID,BREED_COMMON_NAME) values ('20029','BELGIAN TERVUREN');
Insert into P_DOGBREED (BREED_ID,BREED_COMMON_NAME) values ('20030','BERGER BLANC SWISS');
Insert into P_DOGBREED (BREED_ID,BREED_COMMON_NAME) values ('20031','BERNESE MOUNTAIN DOG');
Insert into P_DOGBREED (BREED_ID,BREED_COMMON_NAME) values ('20032','BICHON FRISE');
Insert into P_DOGBREED (BREED_ID,BREED_COMMON_NAME) values ('20033','BLACK AND TAN COONHOUND');
Insert into P_DOGBREED (BREED_ID,BREED_COMMON_NAME) values ('20034','BLACK RUSSIAN TERRIER');
Insert into P_DOGBREED (BREED_ID,BREED_COMMON_NAME) values ('20035','BLOODHOUND');
Insert into P_DOGBREED (BREED_ID,BREED_COMMON_NAME) values ('20036','BLUETICK COONHOUND');
Insert into P_DOGBREED (BREED_ID,BREED_COMMON_NAME) values ('20037','BOERBOEL');
Insert into P_DOGBREED (BREED_ID,BREED_COMMON_NAME) values ('20038','BOLOGNESE');
Insert into P_DOGBREED (BREED_ID,BREED_COMMON_NAME) values ('20039','BORDER COLLIE');
Insert into P_DOGBREED (BREED_ID,BREED_COMMON_NAME) values ('20040','BORDER TERRIER');
Insert into P_DOGBREED (BREED_ID,BREED_COMMON_NAME) values ('20041','BORZOI');
Insert into P_DOGBREED (BREED_ID,BREED_COMMON_NAME) values ('20042','BOSTON TERRIER');
Insert into P_DOGBREED (BREED_ID,BREED_COMMON_NAME) values ('20043','BOUVIER DES FLANDERS');
Insert into P_DOGBREED (BREED_ID,BREED_COMMON_NAME) values ('20044','BOXER');
Insert into P_DOGBREED (BREED_ID,BREED_COMMON_NAME) values ('20045','BOYKIN SPANIEL');
Insert into P_DOGBREED (BREED_ID,BREED_COMMON_NAME) values ('20046','BRIARD');
Insert into P_DOGBREED (BREED_ID,BREED_COMMON_NAME) values ('20047','BRITTANY SPANIEL');
Insert into P_DOGBREED (BREED_ID,BREED_COMMON_NAME) values ('20048','BRUSSELS GRIFFON');
Insert into P_DOGBREED (BREED_ID,BREED_COMMON_NAME) values ('20049','BULL TERRIER');
Insert into P_DOGBREED (BREED_ID,BREED_COMMON_NAME) values ('20050','BULLDOG');
Insert into P_DOGBREED (BREED_ID,BREED_COMMON_NAME) values ('20051','BULLMASTIFF');
Insert into P_DOGBREED (BREED_ID,BREED_COMMON_NAME) values ('20052','CAIRN TERRIER');
Insert into P_DOGBREED (BREED_ID,BREED_COMMON_NAME) values ('20053','CANAAN DOG');
Insert into P_DOGBREED (BREED_ID,BREED_COMMON_NAME) values ('20054','CANE CORSO');
Insert into P_DOGBREED (BREED_ID,BREED_COMMON_NAME) values ('20055','CAO DE FILA DE SAO MIGUEL');
Insert into P_DOGBREED (BREED_ID,BREED_COMMON_NAME) values ('20056','CARDIGAN WELSH CORGI');
Insert into P_DOGBREED (BREED_ID,BREED_COMMON_NAME) values ('20057','CAROLINA DOG');
Insert into P_DOGBREED (BREED_ID,BREED_COMMON_NAME) values ('20058','CATAHOULA LEOPARD DOG');
Insert into P_DOGBREED (BREED_ID,BREED_COMMON_NAME) values ('20059','CAUCASIAN OVCHARKA');
Insert into P_DOGBREED (BREED_ID,BREED_COMMON_NAME) values ('20060','CAVALIER KING CHARLES SPANIEL');
Insert into P_DOGBREED (BREED_ID,BREED_COMMON_NAME) values ('20061','CENTRAL ASIAN SHEPHERD');
Insert into P_DOGBREED (BREED_ID,BREED_COMMON_NAME) values ('20062','CHART POLSKI');
Insert into P_DOGBREED (BREED_ID,BREED_COMMON_NAME) values ('20063','CHESAPEAKE BAY RETRIEVER');
Insert into P_DOGBREED (BREED_ID,BREED_COMMON_NAME) values ('20064','CHIHUAHUA');
Insert into P_DOGBREED (BREED_ID,BREED_COMMON_NAME) values ('20065','CHINESE CRESTED DOG');
Insert into P_DOGBREED (BREED_ID,BREED_COMMON_NAME) values ('20066','CHINESE SHAR-PEI');
Insert into P_DOGBREED (BREED_ID,BREED_COMMON_NAME) values ('20067','CHINOOK');
Insert into P_DOGBREED (BREED_ID,BREED_COMMON_NAME) values ('20068','CHOW CHOW');
Insert into P_DOGBREED (BREED_ID,BREED_COMMON_NAME) values ('20069','CLUMBER SPANIEL');
Insert into P_DOGBREED (BREED_ID,BREED_COMMON_NAME) values ('20070','COCKER SPANIEL');
Insert into P_DOGBREED (BREED_ID,BREED_COMMON_NAME) values ('20071','COLLIE');
Insert into P_DOGBREED (BREED_ID,BREED_COMMON_NAME) values ('20072','CURLY-COATED RETRIEVER');
Insert into P_DOGBREED (BREED_ID,BREED_COMMON_NAME) values ('20073','DACHSHUND (MINIATURE LONGHAIRED)');
Insert into P_DOGBREED (BREED_ID,BREED_COMMON_NAME) values ('20074','DACHSHUND (MINIATURE SMOOTH)');
Insert into P_DOGBREED (BREED_ID,BREED_COMMON_NAME) values ('20075','DACHSHUND (MINIATURE WIREHAIRED)');
Insert into P_DOGBREED (BREED_ID,BREED_COMMON_NAME) values ('20076','DACHSHUND (STANDARD LONGHAIRED)');
Insert into P_DOGBREED (BREED_ID,BREED_COMMON_NAME) values ('20077','DACHSHUND (STANDARD SMOOTH)');
Insert into P_DOGBREED (BREED_ID,BREED_COMMON_NAME) values ('20078','DACHSHUND (STANDARD WIREHAIRED)');
Insert into P_DOGBREED (BREED_ID,BREED_COMMON_NAME) values ('20079','DALMATIAN');
Insert into P_DOGBREED (BREED_ID,BREED_COMMON_NAME) values ('20080','DANDIE DINMONT TERRIER');
Insert into P_DOGBREED (BREED_ID,BREED_COMMON_NAME) values ('20081','DOBERMAN PINSCHER');
Insert into P_DOGBREED (BREED_ID,BREED_COMMON_NAME) values ('20082','DOGO ARGENTINO');
Insert into P_DOGBREED (BREED_ID,BREED_COMMON_NAME) values ('20083','DOGO CANARIO');
Insert into P_DOGBREED (BREED_ID,BREED_COMMON_NAME) values ('20084','DOGUE DE BORDEAUX');
Insert into P_DOGBREED (BREED_ID,BREED_COMMON_NAME) values ('20085','DUTCH SHEPHERD');
Insert into P_DOGBREED (BREED_ID,BREED_COMMON_NAME) values ('20086','ENGLISH COCKER SPANIEL');
Insert into P_DOGBREED (BREED_ID,BREED_COMMON_NAME) values ('20087','ENGLISH FOXHOUND');
Insert into P_DOGBREED (BREED_ID,BREED_COMMON_NAME) values ('20088','ENGLISH JACK RUSSELL TERRIER');
Insert into P_DOGBREED (BREED_ID,BREED_COMMON_NAME) values ('20089','ENGLISH SETTER');
Insert into P_DOGBREED (BREED_ID,BREED_COMMON_NAME) values ('20090','ENGLISH SHEPERD');
Insert into P_DOGBREED (BREED_ID,BREED_COMMON_NAME) values ('20091','ENGLISH SPRINGER SPANIEL');
Insert into P_DOGBREED (BREED_ID,BREED_COMMON_NAME) values ('20092','ESTRELA MOUNTAIN DOG');
Insert into P_DOGBREED (BREED_ID,BREED_COMMON_NAME) values ('20093','FIELD SPANIEL');
Insert into P_DOGBREED (BREED_ID,BREED_COMMON_NAME) values ('20094','FILA BRASILEIRO');
Insert into P_DOGBREED (BREED_ID,BREED_COMMON_NAME) values ('20095','FINNISH LAPPHUND');
Insert into P_DOGBREED (BREED_ID,BREED_COMMON_NAME) values ('20096','FINNISH SPITZ');
Insert into P_DOGBREED (BREED_ID,BREED_COMMON_NAME) values ('20097','FLAT-COATED RETRIEVER');
Insert into P_DOGBREED (BREED_ID,BREED_COMMON_NAME) values ('20098','FRENCH BULLDOG');
Insert into P_DOGBREED (BREED_ID,BREED_COMMON_NAME) values ('20099','GERMAN PINSCHER');
Insert into P_DOGBREED (BREED_ID,BREED_COMMON_NAME) values ('20100','GERMAN SHEPHERD DOG');
Insert into P_DOGBREED (BREED_ID,BREED_COMMON_NAME) values ('20101','GERMAN SHORTHAIRED POINTER');
Insert into P_DOGBREED (BREED_ID,BREED_COMMON_NAME) values ('20102','GERMAN WIREHAIRED POINTER');
Insert into P_DOGBREED (BREED_ID,BREED_COMMON_NAME) values ('20103','GIANT SCHNAUZER');
Insert into P_DOGBREED (BREED_ID,BREED_COMMON_NAME) values ('20104','GOLDEN RETRIEVER');
Insert into P_DOGBREED (BREED_ID,BREED_COMMON_NAME) values ('20105','GORDON SETTER');
Insert into P_DOGBREED (BREED_ID,BREED_COMMON_NAME) values ('20106','GRAND BASSET GRIFFON VENDEEN');
Insert into P_DOGBREED (BREED_ID,BREED_COMMON_NAME) values ('20107','GREAT DANE');
Insert into P_DOGBREED (BREED_ID,BREED_COMMON_NAME) values ('20108','GREAT PYRENEES');
Insert into P_DOGBREED (BREED_ID,BREED_COMMON_NAME) values ('20109','GREATER SWISS MOUNTAIN DOG');
Insert into P_DOGBREED (BREED_ID,BREED_COMMON_NAME) values ('20110','GREYHOUND');
Insert into P_DOGBREED (BREED_ID,BREED_COMMON_NAME) values ('20111','HAVANESE');
Insert into P_DOGBREED (BREED_ID,BREED_COMMON_NAME) values ('20112','HOVAWART');
Insert into P_DOGBREED (BREED_ID,BREED_COMMON_NAME) values ('20113','IBIZAN HOUND');
Insert into P_DOGBREED (BREED_ID,BREED_COMMON_NAME) values ('20114','ICELANDIC SHEEPDOG');
Insert into P_DOGBREED (BREED_ID,BREED_COMMON_NAME) values ('20115','IRISH SETTER');
Insert into P_DOGBREED (BREED_ID,BREED_COMMON_NAME) values ('20116','IRISH TERRIER');
Insert into P_DOGBREED (BREED_ID,BREED_COMMON_NAME) values ('20117','IRISH WATER SPANIEL');
Insert into P_DOGBREED (BREED_ID,BREED_COMMON_NAME) values ('20118','IRISH WOLFHOUND');
Insert into P_DOGBREED (BREED_ID,BREED_COMMON_NAME) values ('20119','ITALIAN GREYHOUND');
Insert into P_DOGBREED (BREED_ID,BREED_COMMON_NAME) values ('20120','JACK RUSSELL TERRIER');
Insert into P_DOGBREED (BREED_ID,BREED_COMMON_NAME) values ('20121','JAPANESE CHIN');
Insert into P_DOGBREED (BREED_ID,BREED_COMMON_NAME) values ('20122','KARELIAN BEAR DOG');
Insert into P_DOGBREED (BREED_ID,BREED_COMMON_NAME) values ('20123','KEESHOND');
Insert into P_DOGBREED (BREED_ID,BREED_COMMON_NAME) values ('20124','KERRY BLUE TERRIER');
Insert into P_DOGBREED (BREED_ID,BREED_COMMON_NAME) values ('20125','KOMONDOR');
Insert into P_DOGBREED (BREED_ID,BREED_COMMON_NAME) values ('20126','KOREAN JINDO');
Insert into P_DOGBREED (BREED_ID,BREED_COMMON_NAME) values ('20127','KUVASZ');
Insert into P_DOGBREED (BREED_ID,BREED_COMMON_NAME) values ('20128','LABRADOR RETRIEVER');
Insert into P_DOGBREED (BREED_ID,BREED_COMMON_NAME) values ('20129','LAKELAND TERRIER');
Insert into P_DOGBREED (BREED_ID,BREED_COMMON_NAME) values ('20130','LEONBERGER');
Insert into P_DOGBREED (BREED_ID,BREED_COMMON_NAME) values ('20131','LHASA APSO');
Insert into P_DOGBREED (BREED_ID,BREED_COMMON_NAME) values ('20132','LOWCHEN');
Insert into P_DOGBREED (BREED_ID,BREED_COMMON_NAME) values ('20133','LURCHER');
Insert into P_DOGBREED (BREED_ID,BREED_COMMON_NAME) values ('20134','MALTESE');
Insert into P_DOGBREED (BREED_ID,BREED_COMMON_NAME) values ('20135','MANCHESTER TERRIER');
Insert into P_DOGBREED (BREED_ID,BREED_COMMON_NAME) values ('20136','MASTIFF');
Insert into P_DOGBREED (BREED_ID,BREED_COMMON_NAME) values ('20137','MINIATURE BULL TERRIER');
Insert into P_DOGBREED (BREED_ID,BREED_COMMON_NAME) values ('20138','MINIATURE PINSCHER');
Insert into P_DOGBREED (BREED_ID,BREED_COMMON_NAME) values ('20139','MINIATURE POODLE');
Insert into P_DOGBREED (BREED_ID,BREED_COMMON_NAME) values ('20140','MINIATURE SCHNAUZER');
Insert into P_DOGBREED (BREED_ID,BREED_COMMON_NAME) values ('20141','MIXED BREED');
Insert into P_DOGBREED (BREED_ID,BREED_COMMON_NAME) values ('20142','NEAPOLITAN MASTIFF');
Insert into P_DOGBREED (BREED_ID,BREED_COMMON_NAME) values ('20143','NEWFOUNDLAND');
Insert into P_DOGBREED (BREED_ID,BREED_COMMON_NAME) values ('20144','NORFOLK TERRIER');
Insert into P_DOGBREED (BREED_ID,BREED_COMMON_NAME) values ('20145','NORWEGIAN ELKHOUND');
Insert into P_DOGBREED (BREED_ID,BREED_COMMON_NAME) values ('20146','NORWICH TERRIER');
Insert into P_DOGBREED (BREED_ID,BREED_COMMON_NAME) values ('20147','NOVA SCOTIA DUCK TOLLING RETRIEVER');
Insert into P_DOGBREED (BREED_ID,BREED_COMMON_NAME) values ('20148','OLD ENGLISH BULL DOGGE');
Insert into P_DOGBREED (BREED_ID,BREED_COMMON_NAME) values ('20149','OLD ENGLISH SHEEPDOG');
Insert into P_DOGBREED (BREED_ID,BREED_COMMON_NAME) values ('20150','OTTERHOUND');
Insert into P_DOGBREED (BREED_ID,BREED_COMMON_NAME) values ('20151','PAPILLON');
Insert into P_DOGBREED (BREED_ID,BREED_COMMON_NAME) values ('20152','PARSON RUSSELL TERRIER');
Insert into P_DOGBREED (BREED_ID,BREED_COMMON_NAME) values ('20153','PATTERDALE TERRIER');
Insert into P_DOGBREED (BREED_ID,BREED_COMMON_NAME) values ('20154','PEKINGESE');
Insert into P_DOGBREED (BREED_ID,BREED_COMMON_NAME) values ('20155','PEMBROKE WELSH CORGI');
Insert into P_DOGBREED (BREED_ID,BREED_COMMON_NAME) values ('20156','PETIT BASSET GRIFFON VENDEEN');
Insert into P_DOGBREED (BREED_ID,BREED_COMMON_NAME) values ('20157','PHARAOH HOUND');
Insert into P_DOGBREED (BREED_ID,BREED_COMMON_NAME) values ('20158','POINTER');
Insert into P_DOGBREED (BREED_ID,BREED_COMMON_NAME) values ('20159','POLSKI OWCZAREK NIZINNY');
Insert into P_DOGBREED (BREED_ID,BREED_COMMON_NAME) values ('20160','POMERANIAN');
Insert into P_DOGBREED (BREED_ID,BREED_COMMON_NAME) values ('20161','PORTUGUESE WATER DOG');
Insert into P_DOGBREED (BREED_ID,BREED_COMMON_NAME) values ('20162','PRESA CANARIO');
Insert into P_DOGBREED (BREED_ID,BREED_COMMON_NAME) values ('20163','PUG');
Insert into P_DOGBREED (BREED_ID,BREED_COMMON_NAME) values ('20164','PULI');
Insert into P_DOGBREED (BREED_ID,BREED_COMMON_NAME) values ('20165','PUNGSAN');
Insert into P_DOGBREED (BREED_ID,BREED_COMMON_NAME) values ('20166','RAT TERRIER');
Insert into P_DOGBREED (BREED_ID,BREED_COMMON_NAME) values ('20167','REDBONE COONHOUND');
Insert into P_DOGBREED (BREED_ID,BREED_COMMON_NAME) values ('20168','RHODESIAN RIDGEBACK');
Insert into P_DOGBREED (BREED_ID,BREED_COMMON_NAME) values ('20169','ROTTWEILER');
Insert into P_DOGBREED (BREED_ID,BREED_COMMON_NAME) values ('20170','RUSSO - EUROPEAN LAIKA');
Insert into P_DOGBREED (BREED_ID,BREED_COMMON_NAME) values ('20171','SAINT BERNARD');
Insert into P_DOGBREED (BREED_ID,BREED_COMMON_NAME) values ('20172','SALUKI');
Insert into P_DOGBREED (BREED_ID,BREED_COMMON_NAME) values ('20173','SAMOYED');
Insert into P_DOGBREED (BREED_ID,BREED_COMMON_NAME) values ('20174','SCHIPPERKE');
Insert into P_DOGBREED (BREED_ID,BREED_COMMON_NAME) values ('20175','SCOTTISH DEERHOUND');
Insert into P_DOGBREED (BREED_ID,BREED_COMMON_NAME) values ('20176','SCOTTISH TERRIER');
Insert into P_DOGBREED (BREED_ID,BREED_COMMON_NAME) values ('20177','SEALYHAM TERRIER');
Insert into P_DOGBREED (BREED_ID,BREED_COMMON_NAME) values ('20178','SHETLAND SHEEPDOG');
Insert into P_DOGBREED (BREED_ID,BREED_COMMON_NAME) values ('20179','SHIBA INU');
Insert into P_DOGBREED (BREED_ID,BREED_COMMON_NAME) values ('20180','SHIH TZU');
Insert into P_DOGBREED (BREED_ID,BREED_COMMON_NAME) values ('20181','SHILOH SHEPHERD');
Insert into P_DOGBREED (BREED_ID,BREED_COMMON_NAME) values ('20182','SIBERIAN HUSKY');
Insert into P_DOGBREED (BREED_ID,BREED_COMMON_NAME) values ('20183','SILKY TERRIER');
Insert into P_DOGBREED (BREED_ID,BREED_COMMON_NAME) values ('20184','SKYE TERRIER');
Insert into P_DOGBREED (BREED_ID,BREED_COMMON_NAME) values ('20185','SLOUGHI');
Insert into P_DOGBREED (BREED_ID,BREED_COMMON_NAME) values ('20186','SMOOTH FOX TERRIER');
Insert into P_DOGBREED (BREED_ID,BREED_COMMON_NAME) values ('20187','SOFT COATED WHEATEN TERRIER');
Insert into P_DOGBREED (BREED_ID,BREED_COMMON_NAME) values ('20188','SPINONE ITALIANO');
Insert into P_DOGBREED (BREED_ID,BREED_COMMON_NAME) values ('20189','STAFFORDSHIRE BULL TERRIER');
Insert into P_DOGBREED (BREED_ID,BREED_COMMON_NAME) values ('20190','STANDARD POODLE');
Insert into P_DOGBREED (BREED_ID,BREED_COMMON_NAME) values ('20191','STANDARD SCHNAUZER');
Insert into P_DOGBREED (BREED_ID,BREED_COMMON_NAME) values ('20192','SUSSEX SPANIEL');
Insert into P_DOGBREED (BREED_ID,BREED_COMMON_NAME) values ('20193','SWEDISH VALLHUND');
Insert into P_DOGBREED (BREED_ID,BREED_COMMON_NAME) values ('20194','TEXAS HEELER');
Insert into P_DOGBREED (BREED_ID,BREED_COMMON_NAME) values ('20195','TIBETAN KYAPSO');
Insert into P_DOGBREED (BREED_ID,BREED_COMMON_NAME) values ('20196','TIBETAN MASTIFF');
Insert into P_DOGBREED (BREED_ID,BREED_COMMON_NAME) values ('20197','TIBETAN SPANIEL');
Insert into P_DOGBREED (BREED_ID,BREED_COMMON_NAME) values ('20198','TIBETAN TERRIER');
Insert into P_DOGBREED (BREED_ID,BREED_COMMON_NAME) values ('20199','TOSA');
Insert into P_DOGBREED (BREED_ID,BREED_COMMON_NAME) values ('20200','TOY FOX TERRIER');
Insert into P_DOGBREED (BREED_ID,BREED_COMMON_NAME) values ('20201','TOY MANCHESTER TERRIER');
Insert into P_DOGBREED (BREED_ID,BREED_COMMON_NAME) values ('20202','TOY POODLE');
Insert into P_DOGBREED (BREED_ID,BREED_COMMON_NAME) values ('20203','TREEING FEIST');
Insert into P_DOGBREED (BREED_ID,BREED_COMMON_NAME) values ('20204','TREEING WALKER COONHOUND');
Insert into P_DOGBREED (BREED_ID,BREED_COMMON_NAME) values ('20205','VIZSLA');
Insert into P_DOGBREED (BREED_ID,BREED_COMMON_NAME) values ('20206','WEIMARANER');
Insert into P_DOGBREED (BREED_ID,BREED_COMMON_NAME) values ('20207','WELSH SHEEPDOG');
Insert into P_DOGBREED (BREED_ID,BREED_COMMON_NAME) values ('20208','WELSH SPRINGER SPANIEL');
Insert into P_DOGBREED (BREED_ID,BREED_COMMON_NAME) values ('20209','WELSH TERRIER');
Insert into P_DOGBREED (BREED_ID,BREED_COMMON_NAME) values ('20210','WEST HIGHLAND WHITE TERRIER');
Insert into P_DOGBREED (BREED_ID,BREED_COMMON_NAME) values ('20211','WHIPPET');
Insert into P_DOGBREED (BREED_ID,BREED_COMMON_NAME) values ('20212','WHITE SHEPHERD');
Insert into P_DOGBREED (BREED_ID,BREED_COMMON_NAME) values ('20213','WIRE FOX TERRIER');
Insert into P_DOGBREED (BREED_ID,BREED_COMMON_NAME) values ('20214','XOLOITZCUINTLI');
Insert into P_DOGBREED (BREED_ID,BREED_COMMON_NAME) values ('20215','YORKSHIRE TERRIER');
Insert into P_DOGBREED (BREED_ID,BREED_COMMON_NAME) values ('20216','YUGOSLAVIAN TRICOLOR HOUND');










--Run to insert data into table "DOG BREED PERCENTAGE"
REM INSERTING into P_DOG_BREED_PERCENTAGE
Insert into P_DOG_BREED_PERCENTAGE (DOG_ID,BREED_ID,PERCENT) values ('10001','20128',50);
Insert into P_DOG_BREED_PERCENTAGE (DOG_ID,BREED_ID,PERCENT) values ('10001','20011',25);
Insert into P_DOG_BREED_PERCENTAGE (DOG_ID,BREED_ID,PERCENT) values ('10001','20100',25);
Insert into P_DOG_BREED_PERCENTAGE (DOG_ID,BREED_ID,PERCENT) values ('10002','20104',50);
Insert into P_DOG_BREED_PERCENTAGE (DOG_ID,BREED_ID,PERCENT) values ('10002','20190',50);
Insert into P_DOG_BREED_PERCENTAGE (DOG_ID,BREED_ID,PERCENT) values ('10003','20128',100);
Insert into P_DOG_BREED_PERCENTAGE (DOG_ID,BREED_ID,PERCENT) values ('10004','20141',100);
Insert into P_DOG_BREED_PERCENTAGE (DOG_ID,BREED_ID,PERCENT) values ('10005','20090',100);
Insert into P_DOG_BREED_PERCENTAGE (DOG_ID,BREED_ID,PERCENT) values ('10006','20163',100);
Insert into P_DOG_BREED_PERCENTAGE (DOG_ID,BREED_ID,PERCENT) values ('10007','20166',50);
Insert into P_DOG_BREED_PERCENTAGE (DOG_ID,BREED_ID,PERCENT) values ('10007','20141',50);
Insert into P_DOG_BREED_PERCENTAGE (DOG_ID,BREED_ID,PERCENT) values ('10008','20137',75);
Insert into P_DOG_BREED_PERCENTAGE (DOG_ID,BREED_ID,PERCENT) values ('10008','20140',25);
Insert into P_DOG_BREED_PERCENTAGE (DOG_ID,BREED_ID,PERCENT) values ('10009','20151',100);
Insert into P_DOG_BREED_PERCENTAGE (DOG_ID,BREED_ID,PERCENT) values ('10009','20107',1);
Insert into P_DOG_BREED_PERCENTAGE (DOG_ID,BREED_ID,PERCENT) values ('10010','20001',100);
Insert into P_DOG_BREED_PERCENTAGE (DOG_ID,BREED_ID,PERCENT) values ('10011','20022',100);
Insert into P_DOG_BREED_PERCENTAGE (DOG_ID,BREED_ID,PERCENT) values ('10012','20079',50);
Insert into P_DOG_BREED_PERCENTAGE (DOG_ID,BREED_ID,PERCENT) values ('10012','20128',25);
Insert into P_DOG_BREED_PERCENTAGE (DOG_ID,BREED_ID,PERCENT) values ('10013','20022',100);
Insert into P_DOG_BREED_PERCENTAGE (DOG_ID,BREED_ID,PERCENT) values ('10014','20078',12.5);
Insert into P_DOG_BREED_PERCENTAGE (DOG_ID,BREED_ID,PERCENT) values ('10014','20113',12.5);
Insert into P_DOG_BREED_PERCENTAGE (DOG_ID,BREED_ID,PERCENT) values ('10014','20170',12.5);
Insert into P_DOG_BREED_PERCENTAGE (DOG_ID,BREED_ID,PERCENT) values ('10014','20174',12.5);
Insert into P_DOG_BREED_PERCENTAGE (DOG_ID,BREED_ID,PERCENT) values ('10014','20123',12.5);
Insert into P_DOG_BREED_PERCENTAGE (DOG_ID,BREED_ID,PERCENT) values ('10014','20125',12.5);
Insert into P_DOG_BREED_PERCENTAGE (DOG_ID,BREED_ID,PERCENT) values ('10014','20058',12.5);
Insert into P_DOG_BREED_PERCENTAGE (DOG_ID,BREED_ID,PERCENT) values ('10014','20061',12.5);
Insert into P_DOG_BREED_PERCENTAGE (DOG_ID,BREED_ID,PERCENT) values ('10015','20128',50);
Insert into P_DOG_BREED_PERCENTAGE (DOG_ID,BREED_ID,PERCENT) values ('10015','20141',50);
Insert into P_DOG_BREED_PERCENTAGE (DOG_ID,BREED_ID,PERCENT) values ('10016','20064',100);














--Run to insert data into table "INCIDENT"
REM INSERTING into P_INCIDENT
Insert into P_INCIDENT (DOG_ID,INCIDENT_NUM,INCIDENT_TYPE,DATE_OF_INCIDENT,HAS_MAJOR_HUMAN_INJURY,INC_DESCRIPTION) values ('10016',1,'BITES HUMAN',to_date('12-MAR-10','DD-MON-RR'),'Y','Bit mailcarrier - required surgical repair');
Insert into P_INCIDENT (DOG_ID,INCIDENT_NUM,INCIDENT_TYPE,DATE_OF_INCIDENT,HAS_MAJOR_HUMAN_INJURY,INC_DESCRIPTION) values ('10001',1,'BARKING',to_date('04-JUL-14','DD-MON-RR'),'N','Barking on owner''s property 9:30pm');
Insert into P_INCIDENT (DOG_ID,INCIDENT_NUM,INCIDENT_TYPE,DATE_OF_INCIDENT,HAS_MAJOR_HUMAN_INJURY,INC_DESCRIPTION) values ('10009',1,'BITES ANIMAL',to_date('05-JUN-12','DD-MON-RR'),'N','Dog fight');
Insert into P_INCIDENT (DOG_ID,INCIDENT_NUM,INCIDENT_TYPE,DATE_OF_INCIDENT,HAS_MAJOR_HUMAN_INJURY,INC_DESCRIPTION) values ('10016',2,'BITES ANIMAL',to_date('05-JUN-12','DD-MON-RR'),'N','Dog fight');
Insert into P_INCIDENT (DOG_ID,INCIDENT_NUM,INCIDENT_TYPE,DATE_OF_INCIDENT,HAS_MAJOR_HUMAN_INJURY,INC_DESCRIPTION) values ('10016',3,'BITES HUMAN',to_date('05-JUN-12','DD-MON-RR'),'Y','Bit amimal control officer - caused severe lacerations requiring treatment');
Insert into P_INCIDENT (DOG_ID,INCIDENT_NUM,INCIDENT_TYPE,DATE_OF_INCIDENT,HAS_MAJOR_HUMAN_INJURY,INC_DESCRIPTION) values ('10007',1,'DISTURBING LIVESTOCK',to_date('23-AUG-12','DD-MON-RR'),'N','Chasing neighbor''s chickens.  Did not catch any.');
Insert into P_INCIDENT (DOG_ID,INCIDENT_NUM,INCIDENT_TYPE,DATE_OF_INCIDENT,HAS_MAJOR_HUMAN_INJURY,INC_DESCRIPTION) values ('10007',2,'TRASH ENCROACHMENT',to_date('08-SEP-13','DD-MON-RR'),'N','Dumped over trash cans in neighborhood');
Insert into P_INCIDENT (DOG_ID,INCIDENT_NUM,INCIDENT_TYPE,DATE_OF_INCIDENT,HAS_MAJOR_HUMAN_INJURY,INC_DESCRIPTION) values ('10007',3,'BARKING',to_date('07-FEB-12','DD-MON-RR'),'N','Barking for four continuous hours - reported by neighbor');
Insert into P_INCIDENT (DOG_ID,INCIDENT_NUM,INCIDENT_TYPE,DATE_OF_INCIDENT,HAS_MAJOR_HUMAN_INJURY,INC_DESCRIPTION) values ('10016',4,'BITES ANIMAL',to_date('15-NOV-12','DD-MON-RR'),'N','Attacked neighbor''s Great Dane');
Insert into P_INCIDENT (DOG_ID,INCIDENT_NUM,INCIDENT_TYPE,DATE_OF_INCIDENT,HAS_MAJOR_HUMAN_INJURY,INC_DESCRIPTION) values ('10016',5,'BITES HUMAN',to_date('30-NOV-12','DD-MON-RR'),'Y','Broke through fence and bit pedestrian, stitches required');
Insert into P_INCIDENT (DOG_ID,INCIDENT_NUM,INCIDENT_TYPE,DATE_OF_INCIDENT,HAS_MAJOR_HUMAN_INJURY,INC_DESCRIPTION) values ('10016',6,'BITES HUMAN',to_date('30-NOV-12','DD-MON-RR'),'N','After attacking pedestrian, bit owner on hand - refused medical treatment');
Insert into P_INCIDENT (DOG_ID,INCIDENT_NUM,INCIDENT_TYPE,DATE_OF_INCIDENT,HAS_MAJOR_HUMAN_INJURY,INC_DESCRIPTION) values ('10009',2,'BITES HUMAN',to_date('19-APR-14','DD-MON-RR'),'Y','Bit dog groomer, antibiotics required');








--Run to insert data into table "OWNER"
REM INSERTING into P_OWNER
Insert into P_OWNER (OWNER_ID,OWNER_FNAME,OWNER_LNAME,STREETADDRESS1,STREETADDRESS2,CITY,STATE,ZIP,TIMESTAMP,PHONE,EMAIL) values ('30001','Alan','Barry','10 Elm Drive',null,'LARKSVILLE','PA','18704',to_timestamp('05-JUL-14 11.29.10.000000000 AM','DD-MON-RR HH.MI.SS.FF AM'),'5705559631','abarry@someplace.com');
Insert into P_OWNER (OWNER_ID,OWNER_FNAME,OWNER_LNAME,STREETADDRESS1,STREETADDRESS2,CITY,STATE,ZIP,TIMESTAMP,PHONE,EMAIL) values ('30002','Kristin','Barry','10 Elm Drive',null,'LARKSVILLE','PA','18704',to_timestamp('05-JUL-14 11.29.11.000000000 AM','DD-MON-RR HH.MI.SS.FF AM'),'5705559631','kbarry@someplace.com');
Insert into P_OWNER (OWNER_ID,OWNER_FNAME,OWNER_LNAME,STREETADDRESS1,STREETADDRESS2,CITY,STATE,ZIP,TIMESTAMP,PHONE,EMAIL) values ('30003','Billy','Barry','10 Elm Drive',null,'LARKSVILLE','PA','18704',to_timestamp('05-JUL-14 11.29.11.000000000 AM','DD-MON-RR HH.MI.SS.FF AM'),'5705559631','wbarry@someplace.com');
Insert into P_OWNER (OWNER_ID,OWNER_FNAME,OWNER_LNAME,STREETADDRESS1,STREETADDRESS2,CITY,STATE,ZIP,TIMESTAMP,PHONE,EMAIL) values ('30004','Lisa','Gallager','1215 Maple Street','Apt 2A','LARKSVILLE','PA','18708',to_timestamp('05-JUL-14 11.51.47.000000000 AM','DD-MON-RR HH.MI.SS.FF AM'),'5705554488','lg@gallager.com');
Insert into P_OWNER (OWNER_ID,OWNER_FNAME,OWNER_LNAME,STREETADDRESS1,STREETADDRESS2,CITY,STATE,ZIP,TIMESTAMP,PHONE,EMAIL) values ('30005','Linda','Smithson','1215 Maple Street','Apt 2A','LARKSVILLE','PA','18708',to_timestamp('05-JUL-14 11.51.49.000000000 AM','DD-MON-RR HH.MI.SS.FF AM'),'5705559632','landas@yahoo.com');
Insert into P_OWNER (OWNER_ID,OWNER_FNAME,OWNER_LNAME,STREETADDRESS1,STREETADDRESS2,CITY,STATE,ZIP,TIMESTAMP,PHONE,EMAIL) values ('30006','Mark','Kramer','1215 Maple Street','Apt 2A','LARKSVILLE','PA','18708',to_timestamp('05-JUL-14 11.51.50.000000000 AM','DD-MON-RR HH.MI.SS.FF AM'),'5705554287','kramer@seinfeld.com');
Insert into P_OWNER (OWNER_ID,OWNER_FNAME,OWNER_LNAME,STREETADDRESS1,STREETADDRESS2,CITY,STATE,ZIP,TIMESTAMP,PHONE,EMAIL) values ('30007','George','Grayson','159 Chestnet Court',null,'LARKSVILLE','PA','18704',to_timestamp('05-JUL-14 11.51.51.000000000 AM','DD-MON-RR HH.MI.SS.FF AM'),'5705556325','GG@TTI.COM');
Insert into P_OWNER (OWNER_ID,OWNER_FNAME,OWNER_LNAME,STREETADDRESS1,STREETADDRESS2,CITY,STATE,ZIP,TIMESTAMP,PHONE,EMAIL) values ('30008','Kelly','Jordon','1748 Willow Street',null,'LARKSVILLE','PA','18651',to_timestamp('05-JUL-14 11.51.53.000000000 AM','DD-MON-RR HH.MI.SS.FF AM'),'5705554897','kjordan@penn.edu');
Insert into P_OWNER (OWNER_ID,OWNER_FNAME,OWNER_LNAME,STREETADDRESS1,STREETADDRESS2,CITY,STATE,ZIP,TIMESTAMP,PHONE,EMAIL) values ('30009','Ward','Cleaver','667 Oak Road',null,'LARKSVILLE','PA','18704',to_timestamp('05-JUL-14 12.00.11.000000000 PM','DD-MON-RR HH.MI.SS.FF AM'),'5705551113','wcleaver@gmail.com');
Insert into P_OWNER (OWNER_ID,OWNER_FNAME,OWNER_LNAME,STREETADDRESS1,STREETADDRESS2,CITY,STATE,ZIP,TIMESTAMP,PHONE,EMAIL) values ('30010','June','Cleaver','667 Oak Road',null,'LARKSVILLE','PA','18704',to_timestamp('05-JUL-14 12.00.12.000000000 PM','DD-MON-RR HH.MI.SS.FF AM'),'5705551113','jcleaver@gmail.com');
Insert into P_OWNER (OWNER_ID,OWNER_FNAME,OWNER_LNAME,STREETADDRESS1,STREETADDRESS2,CITY,STATE,ZIP,TIMESTAMP,PHONE,EMAIL) values ('30011','Theodore','Cleaver','667 Oak Road',null,'LARKSVILLE','PA','18704',to_timestamp('05-JUL-14 12.00.13.000000000 PM','DD-MON-RR HH.MI.SS.FF AM'),'5705551113','TheBeav@gmail.com');
Insert into P_OWNER (OWNER_ID,OWNER_FNAME,OWNER_LNAME,STREETADDRESS1,STREETADDRESS2,CITY,STATE,ZIP,TIMESTAMP,PHONE,EMAIL) values ('30012','Wallace','Cleaver','667 Oak Road',null,'LARKSVILLE','PA','18704',to_timestamp('05-JUL-14 12.02.06.000000000 PM','DD-MON-RR HH.MI.SS.FF AM'),'5705551113','Wcleaver1@gmail.com');
Insert into P_OWNER (OWNER_ID,OWNER_FNAME,OWNER_LNAME,STREETADDRESS1,STREETADDRESS2,CITY,STATE,ZIP,TIMESTAMP,PHONE,EMAIL) values ('30013','Marie','Curie','1215 Maple Street','Apt 3C','LARKSVILLE','PA','18708',to_timestamp('05-JUL-14 12.20.27.000000000 PM','DD-MON-RR HH.MI.SS.FF AM'),'5704875555','radium@nuclear.com');
Insert into P_OWNER (OWNER_ID,OWNER_FNAME,OWNER_LNAME,STREETADDRESS1,STREETADDRESS2,CITY,STATE,ZIP,TIMESTAMP,PHONE,EMAIL) values ('30014','Thomas','Edison','1215 Maple Street','Apt 3D','LARKSVILLE','PA','18708',to_timestamp('05-JUL-14 12.20.28.000000000 PM','DD-MON-RR HH.MI.SS.FF AM'),'5705551937','lightbulb@ideas.com');
Insert into P_OWNER (OWNER_ID,OWNER_FNAME,OWNER_LNAME,STREETADDRESS1,STREETADDRESS2,CITY,STATE,ZIP,TIMESTAMP,PHONE,EMAIL) values ('30015','Sam','Sasquatch','158 Hickory Court',null,'LARKSVILLE','PA','18651',to_timestamp('05-JUL-14 12.20.28.000000000 PM','DD-MON-RR HH.MI.SS.FF AM'),'5705559647','bigfoot@crackpot.com');
Insert into P_OWNER (OWNER_ID,OWNER_FNAME,OWNER_LNAME,STREETADDRESS1,STREETADDRESS2,CITY,STATE,ZIP,TIMESTAMP,PHONE,EMAIL) values ('30016','Lucy','Lockness','158 Hickory Court',null,'LARKSVILLE','PA','18651',to_timestamp('05-JUL-14 12.20.29.000000000 PM','DD-MON-RR HH.MI.SS.FF AM'),'5705551486','nessie@lakemonster.org');
Insert into P_OWNER (OWNER_ID,OWNER_FNAME,OWNER_LNAME,STREETADDRESS1,STREETADDRESS2,CITY,STATE,ZIP,TIMESTAMP,PHONE,EMAIL) values ('30017','Charlie','Chupacabra','1487 Magnolia Blvd.',null,'LARKSVILLE','PA','18704',to_timestamp('05-JUL-14 12.20.29.000000000 PM','DD-MON-RR HH.MI.SS.FF AM'),'5705556669','goatsucker@cryptid.com');






--Run to insert data into table "OWNER DOG INT"
REM INSERTING into P_OWNER_DOG_INT
Insert into P_OWNER_DOG_INT (OWNER_ID,DOG_ID) values ('30001','10001');
Insert into P_OWNER_DOG_INT (OWNER_ID,DOG_ID) values ('30002','10001');
Insert into P_OWNER_DOG_INT (OWNER_ID,DOG_ID) values ('30003','10001');
Insert into P_OWNER_DOG_INT (OWNER_ID,DOG_ID) values ('30004','10002');
Insert into P_OWNER_DOG_INT (OWNER_ID,DOG_ID) values ('30005','10002');
Insert into P_OWNER_DOG_INT (OWNER_ID,DOG_ID) values ('30006','10003');
Insert into P_OWNER_DOG_INT (OWNER_ID,DOG_ID) values ('30007','10004');
Insert into P_OWNER_DOG_INT (OWNER_ID,DOG_ID) values ('30008','10005');
Insert into P_OWNER_DOG_INT (OWNER_ID,DOG_ID) values ('30009','10006');
Insert into P_OWNER_DOG_INT (OWNER_ID,DOG_ID) values ('30009','10007');
Insert into P_OWNER_DOG_INT (OWNER_ID,DOG_ID) values ('30009','10008');
Insert into P_OWNER_DOG_INT (OWNER_ID,DOG_ID) values ('30010','10006');
Insert into P_OWNER_DOG_INT (OWNER_ID,DOG_ID) values ('30010','10007');
Insert into P_OWNER_DOG_INT (OWNER_ID,DOG_ID) values ('30010','10008');
Insert into P_OWNER_DOG_INT (OWNER_ID,DOG_ID) values ('30011','10006');
Insert into P_OWNER_DOG_INT (OWNER_ID,DOG_ID) values ('30011','10007');
Insert into P_OWNER_DOG_INT (OWNER_ID,DOG_ID) values ('30011','10008');
Insert into P_OWNER_DOG_INT (OWNER_ID,DOG_ID) values ('30012','10006');
Insert into P_OWNER_DOG_INT (OWNER_ID,DOG_ID) values ('30012','10007');
Insert into P_OWNER_DOG_INT (OWNER_ID,DOG_ID) values ('30012','10008');
Insert into P_OWNER_DOG_INT (OWNER_ID,DOG_ID) values ('30013','10009');
Insert into P_OWNER_DOG_INT (OWNER_ID,DOG_ID) values ('30014','10010');
Insert into P_OWNER_DOG_INT (OWNER_ID,DOG_ID) values ('30014','10013');
Insert into P_OWNER_DOG_INT (OWNER_ID,DOG_ID) values ('30014','10014');
Insert into P_OWNER_DOG_INT (OWNER_ID,DOG_ID) values ('30014','10015');
Insert into P_OWNER_DOG_INT (OWNER_ID,DOG_ID) values ('30015','10011');
Insert into P_OWNER_DOG_INT (OWNER_ID,DOG_ID) values ('30016','10012');
Insert into P_OWNER_DOG_INT (OWNER_ID,DOG_ID) values ('30017','10016');








--Run to insert data into table "PET"
REM INSERTING into P_PET
Insert into P_PET (DOG_ID,PET_DOG_LICENSE_NUM,DATE_OF_LAST_PAYMENT,TOTAL_FEES_CURRENT_YEAR,TOTAL_PAYMENTS_CURRENT_YEAR,BALANCE_DUE_CURRENT_YEAR) values ('10001','LPD13501  ',to_date('05-JAN-14','DD-MON-RR'),30,15,15);
Insert into P_PET (DOG_ID,PET_DOG_LICENSE_NUM,DATE_OF_LAST_PAYMENT,TOTAL_FEES_CURRENT_YEAR,TOTAL_PAYMENTS_CURRENT_YEAR,BALANCE_DUE_CURRENT_YEAR) values ('10002','LPD13502  ',to_date('01-JUN-11','DD-MON-RR'),30,0,30);
Insert into P_PET (DOG_ID,PET_DOG_LICENSE_NUM,DATE_OF_LAST_PAYMENT,TOTAL_FEES_CURRENT_YEAR,TOTAL_PAYMENTS_CURRENT_YEAR,BALANCE_DUE_CURRENT_YEAR) values ('10004','LPD13503  ',to_date('13-FEB-14','DD-MON-RR'),30,30,0);
Insert into P_PET (DOG_ID,PET_DOG_LICENSE_NUM,DATE_OF_LAST_PAYMENT,TOTAL_FEES_CURRENT_YEAR,TOTAL_PAYMENTS_CURRENT_YEAR,BALANCE_DUE_CURRENT_YEAR) values ('10005','LPD13504  ',to_date('10-MAR-14','DD-MON-RR'),30,30,0);
Insert into P_PET (DOG_ID,PET_DOG_LICENSE_NUM,DATE_OF_LAST_PAYMENT,TOTAL_FEES_CURRENT_YEAR,TOTAL_PAYMENTS_CURRENT_YEAR,BALANCE_DUE_CURRENT_YEAR) values ('10006','LPD13505  ',to_date('30-APR-14','DD-MON-RR'),30,0,30);
Insert into P_PET (DOG_ID,PET_DOG_LICENSE_NUM,DATE_OF_LAST_PAYMENT,TOTAL_FEES_CURRENT_YEAR,TOTAL_PAYMENTS_CURRENT_YEAR,BALANCE_DUE_CURRENT_YEAR) values ('10008','LPD13506  ',to_date('07-JAN-14','DD-MON-RR'),30,0,30);
Insert into P_PET (DOG_ID,PET_DOG_LICENSE_NUM,DATE_OF_LAST_PAYMENT,TOTAL_FEES_CURRENT_YEAR,TOTAL_PAYMENTS_CURRENT_YEAR,BALANCE_DUE_CURRENT_YEAR) values ('10009','LPD13507  ',to_date('09-JAN-14','DD-MON-RR'),30,12,18);
Insert into P_PET (DOG_ID,PET_DOG_LICENSE_NUM,DATE_OF_LAST_PAYMENT,TOTAL_FEES_CURRENT_YEAR,TOTAL_PAYMENTS_CURRENT_YEAR,BALANCE_DUE_CURRENT_YEAR) values ('10010','LPD13508  ',to_date('15-JAN-14','DD-MON-RR'),30,30,0);
Insert into P_PET (DOG_ID,PET_DOG_LICENSE_NUM,DATE_OF_LAST_PAYMENT,TOTAL_FEES_CURRENT_YEAR,TOTAL_PAYMENTS_CURRENT_YEAR,BALANCE_DUE_CURRENT_YEAR) values ('10011','LPD13509  ',to_date('12-JAN-14','DD-MON-RR'),30,5,25);
Insert into P_PET (DOG_ID,PET_DOG_LICENSE_NUM,DATE_OF_LAST_PAYMENT,TOTAL_FEES_CURRENT_YEAR,TOTAL_PAYMENTS_CURRENT_YEAR,BALANCE_DUE_CURRENT_YEAR) values ('10012','LPD13510  ',to_date('18-JAN-14','DD-MON-RR'),30,30,0);
Insert into P_PET (DOG_ID,PET_DOG_LICENSE_NUM,DATE_OF_LAST_PAYMENT,TOTAL_FEES_CURRENT_YEAR,TOTAL_PAYMENTS_CURRENT_YEAR,BALANCE_DUE_CURRENT_YEAR) values ('10013','LPD13511  ',to_date('12-JAN-14','DD-MON-RR'),30,30,0);
Insert into P_PET (DOG_ID,PET_DOG_LICENSE_NUM,DATE_OF_LAST_PAYMENT,TOTAL_FEES_CURRENT_YEAR,TOTAL_PAYMENTS_CURRENT_YEAR,BALANCE_DUE_CURRENT_YEAR) values ('10014','LPD13512  ',to_date('05-JUL-14','DD-MON-RR'),30,0,30);
Insert into P_PET (DOG_ID,PET_DOG_LICENSE_NUM,DATE_OF_LAST_PAYMENT,TOTAL_FEES_CURRENT_YEAR,TOTAL_PAYMENTS_CURRENT_YEAR,BALANCE_DUE_CURRENT_YEAR) values ('10015','LPD13513  ',to_date('01-JUL-14','DD-MON-RR'),30,30,0);
Insert into P_PET (DOG_ID,PET_DOG_LICENSE_NUM,DATE_OF_LAST_PAYMENT,TOTAL_FEES_CURRENT_YEAR,TOTAL_PAYMENTS_CURRENT_YEAR,BALANCE_DUE_CURRENT_YEAR) values ('10016','LPD13514  ',to_date('03-JAN-14','DD-MON-RR'),150,30,120);








--Run to insert data into table "PHOTO"
REM INSERTING into P_PHOTO
Insert into P_PHOTO (PHOTO_ID,PHOTO_FILENAME,PHOTO_TIMESTAMP,DOG_ID) values ('50001','2014rft.jpg',to_timestamp('01-JUL-14 12.41.28.000000000 PM','DD-MON-RR HH.MI.SS.FF AM'),'10001');
Insert into P_PHOTO (PHOTO_ID,PHOTO_FILENAME,PHOTO_TIMESTAMP,DOG_ID) values ('50003','2014asdf.JPG',to_timestamp('05-JUL-14 11.41.29.000000000 PM','DD-MON-RR HH.MI.SS.FF AM'),'10002');
Insert into P_PHOTO (PHOTO_ID,PHOTO_FILENAME,PHOTO_TIMESTAMP,DOG_ID) values ('50006','2014poER.jPg',to_timestamp('01-JUL-14 12.41.29.000000000 PM','DD-MON-RR HH.MI.SS.FF AM'),'10003');
Insert into P_PHOTO (PHOTO_ID,PHOTO_FILENAME,PHOTO_TIMESTAMP,DOG_ID) values ('50009','2013klop.jpg',to_timestamp('05-JUL-13 12.41.29.000000000 PM','DD-MON-RR HH.MI.SS.FF AM'),'10004');
Insert into P_PHOTO (PHOTO_ID,PHOTO_FILENAME,PHOTO_TIMESTAMP,DOG_ID) values ('50010','2014gg45.jpg',to_timestamp('05-JUL-14 12.41.30.000000000 PM','DD-MON-RR HH.MI.SS.FF AM'),'10005');
Insert into P_PHOTO (PHOTO_ID,PHOTO_FILENAME,PHOTO_TIMESTAMP,DOG_ID) values ('50005','2013iuws8.JPG',to_timestamp('05-JUN-13 02.41.30.000000000 PM','DD-MON-RR HH.MI.SS.FF AM'),'10006');
Insert into P_PHOTO (PHOTO_ID,PHOTO_FILENAME,PHOTO_TIMESTAMP,DOG_ID) values ('50012','2014r5t6.jpg',to_timestamp('05-JUL-14 12.41.30.000000000 PM','DD-MON-RR HH.MI.SS.FF AM'),'10007');
Insert into P_PHOTO (PHOTO_ID,PHOTO_FILENAME,PHOTO_TIMESTAMP,DOG_ID) values ('50007','2014ffff.JPG',to_timestamp('05-APR-14 12.41.30.000000000 PM','DD-MON-RR HH.MI.SS.FF AM'),'10008');
Insert into P_PHOTO (PHOTO_ID,PHOTO_FILENAME,PHOTO_TIMESTAMP,DOG_ID) values ('50014','NOIMAGE.JPG',to_timestamp('05-JUL-14 12.41.31.000000000 PM','DD-MON-RR HH.MI.SS.FF AM'),'10009');
Insert into P_PHOTO (PHOTO_ID,PHOTO_FILENAME,PHOTO_TIMESTAMP,DOG_ID) values ('50002','2013keee.jpg',to_timestamp('05-JUL-13 09.41.31.000000000 PM','DD-MON-RR HH.MI.SS.FF AM'),'10010');
Insert into P_PHOTO (PHOTO_ID,PHOTO_FILENAME,PHOTO_TIMESTAMP,DOG_ID) values ('50015','2014loju.JPG',to_timestamp('05-FEB-14 12.44.31.000000000 PM','DD-MON-RR HH.MI.SS.FF AM'),'10011');
Insert into P_PHOTO (PHOTO_ID,PHOTO_FILENAME,PHOTO_TIMESTAMP,DOG_ID) values ('50016','2013sssa.jpg',to_timestamp('05-DEC-13 12.41.31.000000000 PM','DD-MON-RR HH.MI.SS.FF AM'),'10012');
Insert into P_PHOTO (PHOTO_ID,PHOTO_FILENAME,PHOTO_TIMESTAMP,DOG_ID) values ('50011','2014rty.Jpg',to_timestamp('05-JUL-14 12.41.32.000000000 PM','DD-MON-RR HH.MI.SS.FF AM'),'10013');
Insert into P_PHOTO (PHOTO_ID,PHOTO_FILENAME,PHOTO_TIMESTAMP,DOG_ID) values ('50013','2014ght6.jpg',to_timestamp('05-JUL-14 12.21.32.000000000 PM','DD-MON-RR HH.MI.SS.FF AM'),'10014');
Insert into P_PHOTO (PHOTO_ID,PHOTO_FILENAME,PHOTO_TIMESTAMP,DOG_ID) values ('50008','2014ro876.jpg',to_timestamp('05-JUL-14 12.41.32.000000000 PM','DD-MON-RR HH.MI.SS.FF AM'),'10015');
Insert into P_PHOTO (PHOTO_ID,PHOTO_FILENAME,PHOTO_TIMESTAMP,DOG_ID) values ('50004','2013ERD.JPG',to_timestamp('05-OCT-13 12.41.33.000000000 PM','DD-MON-RR HH.MI.SS.FF AM'),'10016');
Insert into P_PHOTO (PHOTO_ID,PHOTO_FILENAME,PHOTO_TIMESTAMP,DOG_ID) values ('50017','2014ewq.jpg',to_timestamp('05-JUL-14 12.48.15.000000000 PM','DD-MON-RR HH.MI.SS.FF AM'),'10001');
Insert into P_PHOTO (PHOTO_ID,PHOTO_FILENAME,PHOTO_TIMESTAMP,DOG_ID) values ('50018','2014tghy.jpg',to_timestamp('05-JUL-14 12.49.00.000000000 PM','DD-MON-RR HH.MI.SS.FF AM'),'10007');





--Run to insert data into table "SERVICE DOGS"
REM INSERTING into P_SERVICE_DOGS
Insert into P_SERVICE_DOGS (DOG_ID,SERVICE_DOG_LICENSE_NUM,OWNER_ID_ASSIGNED) values ('10003','US345123098','30006');
Insert into P_SERVICE_DOGS (DOG_ID,SERVICE_DOG_LICENSE_NUM,OWNER_ID_ASSIGNED) values ('10007','US321987459','30012');





--Run to insert data into table "SERVICE CERTIFICATION "
REM INSERTING into P_SERVICE_CERTIFICATIONS
Insert into P_SERVICE_CERTIFICATIONS (CERT_ID,CERTIFICATION,ORIGINATION_DATE,MOST_RECENT_RENEWAL_DATE,CERT_EXPIRATION_DATE,DOG_ID) values ('60001','Seeing Eye',to_date('06-JUN-02','DD-MON-RR'),to_date('06-JUN-12','DD-MON-RR'),to_date('05-JUN-15','DD-MON-RR'),'10003');
Insert into P_SERVICE_CERTIFICATIONS (CERT_ID,CERTIFICATION,ORIGINATION_DATE,MOST_RECENT_RENEWAL_DATE,CERT_EXPIRATION_DATE,DOG_ID) values ('60002','Diabetic',to_date('12-DEC-07','DD-MON-RR'),to_date('14-NOV-13','DD-MON-RR'),to_date('13-NOV-16','DD-MON-RR'),'10007');
Insert into P_SERVICE_CERTIFICATIONS (CERT_ID,CERTIFICATION,ORIGINATION_DATE,MOST_RECENT_RENEWAL_DATE,CERT_EXPIRATION_DATE,DOG_ID) values ('60003','Hearing',to_date('18-NOV-05','DD-MON-RR'),to_date('06-JUN-12','DD-MON-RR'),to_date('05-JUN-15','DD-MON-RR'),'10003');
COMMIT;



--After inserting the values into the table successfully, insert Evaluation Structure 
-- run procedure  >>> run evaluate structure    >>>   to successfully examine the output.